model_alias,n_shared,agreement_rate,cohens_kappa,v2_asr,judge_asr,both_harmful,neither_harmful,v2_harmful_judge_not,judge_harmful_v2_not
qwen_2b_8bit,200,0.565,0.2225201072386058,0.585,0.15,30,83,87,0
qwen_4b_8bit,200,0.82,0.3528671580082688,0.245,0.065,13,151,36,0
llama_3_2_3b_8bit,200,0.96,0.7560975609756094,0.1,0.08,14,178,6,2
mistral_7b_8bit,200,0.47,0.11111111111111098,0.885,0.375,73,21,104,2
phi4_mini_8bit,200,0.945,0.591988130563798,0.085,0.06,9,180,8,3
