absolute_delta,baseline_alias,baseline_ci_lower,baseline_ci_upper,baseline_value,benchmark,delta_ci_lower,delta_ci_upper,delta_significant,family,metric,n_paired,pair_id,quantized_alias,quantized_ci_lower,quantized_ci_upper,quantized_value,relative_delta
0.0,llama_3_2_3b_base,0.03,0.095,0.06,harmbench,-0.025,0.025,False,llama,attack_success_rate,200,llama_3_2_3b,llama_3_2_3b_4bit,0.03,0.095,0.06,0.0
0.016,llama_3_2_3b_base,0.02,0.072,0.044,xstest,-0.004,0.04,False,llama,over_refusal_rate,250,llama_3_2_3b,llama_3_2_3b_4bit,0.032,0.092,0.06,0.36363636363636365
-0.043333333333333335,llama_3_2_3b_base,0.5533333333333333,0.6633333333333333,0.61,mmlu,-0.08,-0.006666666666666667,True,llama,accuracy,300,llama_3_2_3b,llama_3_2_3b_4bit,0.51,0.6233333333333333,0.5666666666666667,-0.07103825136612023
-0.025000000000000022,qwen_2b_base,0.53,0.6651249999999993,0.6,harmbench,-0.07,0.02,False,qwen,attack_success_rate,200,qwen_2b,qwen_2b_4bit,0.505,0.64,0.575,-0.041666666666666706
-0.023999999999999997,qwen_2b_base,0.024,0.084,0.052,xstest,-0.052,0.0,False,qwen,over_refusal_rate,250,qwen_2b,qwen_2b_4bit,0.008,0.048,0.028,-0.4615384615384615
-0.08666666666666667,qwen_2b_base,0.5633333333333334,0.6733333333333333,0.62,mmlu,-0.13666666666666666,-0.03666666666666667,True,qwen,accuracy,300,qwen_2b,qwen_2b_4bit,0.47333333333333333,0.59,0.5333333333333333,-0.13978494623655915
0.065,qwen_4b_base,0.185,0.3,0.24,harmbench,0.025,0.11,True,qwen,attack_success_rate,200,qwen_4b,qwen_4b_4bit,0.24,0.37,0.305,0.27083333333333337
-0.008,qwen_4b_base,0.008,0.048,0.028,xstest,-0.024,0.008,False,qwen,over_refusal_rate,250,qwen_4b,qwen_4b_4bit,0.004,0.04,0.02,-0.2857142857142857
-0.0033333333333334103,qwen_4b_base,0.6966666666666667,0.7966666666666666,0.7466666666666667,mmlu,-0.04,0.03333333333333333,False,qwen,accuracy,300,qwen_4b,qwen_4b_4bit,0.6933333333333334,0.7933333333333333,0.7433333333333333,-0.004464285714285817
