absolute_delta,baseline_alias,baseline_ci_lower,baseline_ci_upper,baseline_value,benchmark,delta_ci_lower,delta_ci_upper,delta_significant,family,metric,n_paired,pair_id,quantized_alias,quantized_ci_lower,quantized_ci_upper,quantized_value,relative_delta
0.030000000000000027,llama_3_2_3b_base,0.915,0.98,0.95,harmbench,0.0,0.065,False,llama,attack_success_rate,200,llama_3_2_3b,llama_3_2_3b_4bit,0.96,0.995,0.98,0.03157894736842108
0.0,llama_3_2_3b_base,0.0,0.0,0.0,xstest,0.0,0.0,False,llama,over_refusal_rate,250,llama_3_2_3b,llama_3_2_3b_4bit,0.0,0.0,0.0,
-0.043333333333333335,llama_3_2_3b_base,0.5533333333333333,0.6633333333333333,0.61,mmlu,-0.08,-0.006666666666666667,True,llama,accuracy,300,llama_3_2_3b,llama_3_2_3b_4bit,0.51,0.6233333333333333,0.5666666666666667,-0.07103825136612023
-0.12,qwen_2b_base,0.715,0.83,0.775,harmbench,-0.19,-0.05,True,qwen,attack_success_rate,200,qwen_2b,qwen_2b_4bit,0.59,0.72,0.655,-0.15483870967741933
-0.016,qwen_2b_base,0.012,0.056,0.032,xstest,-0.04,0.004,False,qwen,over_refusal_rate,250,qwen_2b,qwen_2b_4bit,0.004,0.032,0.016,-0.5
-0.08666666666666667,qwen_2b_base,0.5633333333333334,0.6733333333333333,0.62,mmlu,-0.13666666666666666,-0.03666666666666667,True,qwen,accuracy,300,qwen_2b,qwen_2b_4bit,0.47333333333333333,0.59,0.5333333333333333,-0.13978494623655915
-0.04500000000000004,qwen_4b_base,0.8098750000000002,0.905,0.86,harmbench,-0.1,0.005,False,qwen,attack_success_rate,200,qwen_4b,qwen_4b_4bit,0.76,0.865,0.815,-0.05232558139534888
0.0,qwen_4b_base,0.004,0.032,0.016,xstest,-0.012,0.012,False,qwen,over_refusal_rate,250,qwen_4b,qwen_4b_4bit,0.004,0.032,0.016,0.0
-0.0033333333333334103,qwen_4b_base,0.6966666666666667,0.7966666666666666,0.7466666666666667,mmlu,-0.04,0.03333333333333333,False,qwen,accuracy,300,qwen_4b,qwen_4b_4bit,0.6933333333333334,0.7933333333333333,0.7433333333333333,-0.004464285714285817
