pair_id,scorer,n_seeds,mean_delta,sd_delta,min_delta,max_delta,sign_consistent,greedy_judge_delta,greedy_in_range
qwen_2b,v2,5,-0.017000000000000015,0.016807736313971627,-0.03500000000000003,0.0050000000000000044,False,0.0,True
qwen_2b,judge,5,0.013000000000000001,0.014832396974191319,0.0,0.034999999999999976,True,0.0,True
qwen_4b,v2,5,0.05099999999999999,0.023822258499143212,0.014999999999999958,0.07500000000000001,True,0.039999999999999994,True
qwen_4b,judge,5,0.029000000000000005,0.018841443681416763,0.010000000000000009,0.04999999999999999,True,0.039999999999999994,True
llama_3_2_3b,v2,5,-0.02899999999999999,0.006519202405202651,-0.035,-0.01999999999999999,True,-0.04000000000000001,False
llama_3_2_3b,judge,5,-0.024,0.012942179105544785,-0.039999999999999994,-0.009999999999999995,True,-0.04000000000000001,False
