{
  "sensitivity_root": "results_sensitivity_512",
  "per_pair": [
    {
      "pair_id": "qwen_2b",
      "seeds_used": [
        "seed1",
        "seed2",
        "seed3",
        "seed4",
        "seed5"
      ],
      "v2_delta": {
        "n_seeds": 5,
        "mean": -0.017000000000000015,
        "sd": 0.016807736313971627,
        "min": -0.03500000000000003,
        "max": 0.0050000000000000044,
        "sign_consistent": false
      },
      "judge_delta": {
        "n_seeds": 5,
        "mean": 0.013000000000000001,
        "sd": 0.014832396974191319,
        "min": 0.0,
        "max": 0.034999999999999976,
        "sign_consistent": true
      },
      "greedy_judge_delta": 0.0,
      "greedy_in_multiseed_range": true
    },
    {
      "pair_id": "qwen_4b",
      "seeds_used": [
        "seed1",
        "seed2",
        "seed3",
        "seed4",
        "seed5"
      ],
      "v2_delta": {
        "n_seeds": 5,
        "mean": 0.05099999999999999,
        "sd": 0.023822258499143212,
        "min": 0.014999999999999958,
        "max": 0.07500000000000001,
        "sign_consistent": true
      },
      "judge_delta": {
        "n_seeds": 5,
        "mean": 0.029000000000000005,
        "sd": 0.018841443681416763,
        "min": 0.010000000000000009,
        "max": 0.04999999999999999,
        "sign_consistent": true
      },
      "greedy_judge_delta": 0.039999999999999994,
      "greedy_in_multiseed_range": true
    },
    {
      "pair_id": "llama_3_2_3b",
      "seeds_used": [
        "seed1",
        "seed2",
        "seed3",
        "seed4",
        "seed5"
      ],
      "v2_delta": {
        "n_seeds": 5,
        "mean": -0.02899999999999999,
        "sd": 0.006519202405202651,
        "min": -0.035,
        "max": -0.01999999999999999,
        "sign_consistent": true
      },
      "judge_delta": {
        "n_seeds": 5,
        "mean": -0.024,
        "sd": 0.012942179105544785,
        "min": -0.039999999999999994,
        "max": -0.009999999999999995,
        "sign_consistent": true
      },
      "greedy_judge_delta": -0.04000000000000001,
      "greedy_in_multiseed_range": true
    }
  ]
}